{
  "feature_names": [
    "sepal_length",
    "sepal_width",
    "petal_length",
    "petal_width"
  ],
  "scaler_mean": [
    5.843333333333335,
    3.057333333333334,
    3.7580000000000027,
    1.199333333333334
  ],
  "scaler_scale": [
    0.8253012917851409,
    0.43441096773549437,
    1.7594040657753032,
    0.7596926279021594
  ],
  "coef": [
    [
      -1.0765923834089726,
      1.159776476265976,
      -1.928141377386853,
      -1.812273067861392
    ],
    [
      0.5899242979747022,
      -0.3626359517880014,
      -0.36461312447212824,
      -0.8270024133640821
    ],
    [
      0.4866680854342687,
      -0.7971405244779749,
      2.29275450185898,
      2.6392754812254733
    ]
  ],
  "intercept": [
    -0.20463896723690403,
    2.0745583444136786,
    -1.8699193771767757
  ],
  "class_names": [
    "setosa",
    "versicolor",
    "virginica"
  ]
}